Scenario,0.001,0.005,0.01,0.02,0.035,0.05,0.075,0.1,0.15,0.2,0.3,0.4,0.5,0.65,0.8,0.95
VT ww5t Novice S5,1910,1730,1650,1570,1510,1470,1430,1400,1360,1340,1310,1290,1240,1150,1060,900
Wide Wall 3 Targets TE,181,161,152,143,136,132,127,124,119,116,110,106,102,95,88,73
Wide Wall 4 Targets,146,131,124,118,113,110,107,104,100,97,92,89,85,80,75,64
Wide Wall 3 Targets,137,124,118,112,108,105,101,99,95,91,87,83,79,74,68,57
VT 1w6ts Rasp Novice,1590,1410,1330,1260,1200,1170,1120,1100,1060,1030,990,960,920,860,780,640
VT 1w5ts Rasp Intermediate,1540,1400,1360,1320,1300,1280,1230,1200,1160,1120,1060,1020,980,910,830,690
1w6ts reload v2 20% bigger,169,154,147,140,134,131,127,124,120,118,115,110,105,99,91,76
1w6ts reload v2,166,153,147,141,135,131,127,124,119,115,108,103,98,90,81,67
VT Pasu Novice S5,1307.89,1174.6,1108.62,1047.5,999.13,970.74,940.39,919.16,889.84,868.1,837.95,815.24,786.59,707.87,611.27,441.98
VT Pasu Intermediate S5,1201.05,1091.62,1055.43,1023.94,1003.3,989.28,958.9,929.23,876.96,844.4,789.16,744.26,691.86,610.59,503.54,334.63
VT Pasu Advanced S5,1211,1063.52,1021.94,954.86,922.76,893.25,835.44,792.71,724.27,669.52,574.72,507.72,449.95,371.86,294.08,180.93
Pasu Reload Goated,162,145,137,129,121,116,110,105,96,89,79,71,64,53,42,26
VT Bounceshot Novice,1370,1210,1140,1070,1010,980,940,910,880,850,820,770,710,620,510,340
B180 Voltaic Easy 92%,121,108,103,98,94,92,90,89,87,82,76,71,66,58,49,34
VT Bounceshot Viscose Medium,1270,1140,1110,1070,1010,980,940,910,860,820,760,700,640,540,430,270
VT Bounceshot Advanced,1050,950,910,850,810,780,730,690,630,580,500,430,380,300,230,120
VT Floating Heads Novice S5,1180.48,1020.33,944.33,873.32,821.41,791.92,760.41,740.18,712.22,693.22,665.89,646.29,597.73,523.21,443.65,310.08
VT Floating Heads Intermediate S5,1087.52,979.04,940.72,910.66,888.17,873.6,845.21,801.8,747.93,709.49,653.1,617.34,568.4,497.56,419.04,283.39
Floating Heads Timing 400% Larger,4644,4356,4248,4068,3924,3780,3672,3564,3420,3276,3096,2952,2844,2628,2412,1980
Floating Heads Timing 400% FIXED,3960,3564,3348,3132,2952,2808,2664,2556,2412,2304,2124,1980,1872,1692,1512,1116
VT Frogtagon Novice S5,1590,1410,1330,1250,1180,1150,1110,1090,1050,1030,1000,980,920,820,710,520
voxTargetSwitch Click,126,115,111,107,104,102,100,98,94,91,86,81,77,71,64,51
voxTargetClick 20% Small,120,116,111,106,103,101,97,95,91,88,84,80,76,70,62,49
VoxTargetSwitch Click Small,108,98,94,89,84,82,78,76,72,69,64,60,57,51,45,33
eth Pasu Micro Entry,2256,2044,1920,1812,1678,1638,1562,1512,1446,1398,1308,1242,1180,1114,1004,832
eth Pasu Micro Easier,1834,1658,1580,1506,1446,1406,1362,1334,1296,1272,1236,1180,1122,1040,940,764
eth Pasu Micro Medium,1792,1700,1666,1602,1538,1488,1438,1408,1348,1312,1254,1194,1148,1060,960,790
1w3ts Pasu Perfected Micro Goated,1596,1448,1380,1304,1240,1196,1142,1102,1040,992,918,858,804,724,636,478
1w2ts reload smallflicks Entry,223,201,192,182,172,167,159,154,147,142,134,127,122,115,105,89
1w2ts reload smallflicks larger,189,172,165,158,153,149,145,142,138,135,131,128,123,115,106,90
1w2ts reload smallflicks slightly larger,189,175,171,168,162,158,153,151,146,142,136,131,127,120,111,96
1w2ts Pasu Perfected 30% Smaller,104,96,92,88,84,82,79,76,73,70,66,63,59,54,49,39
VT Smoothbot Novice,4875,4631,4496,4316,4144,4026,3886,3789,3665,3582,3426,3226,3046,2762,2449,1855
VT Smoothbot Intermediate,4828,4568,4455,4360,4292,4248,4074,3954,3773,3613,3389,3191,3037,2717,2341,1716
VT Smoothbot Advanced,4265,3897,3666,3489,3356,3264,3059,2899,2640,2442,2128,1894,1693,1421,1152,762
Smoothbot Pauer,5508,5010,4740,4488,4230,4056,3864,3720,3492,3324,3042,2808,2580,2262,1872,1260
VT Snake Track Novice S5,5260,4964,4791,4574,4354,4217,4053,3940,3792,3700,3577,3489,3391,3046,2681,2077
waldoTS Novice,183.6,171.6,165.9,159.59,154.64,151.2,148,146.05,142.8,141.09,134.39,128.75,123.6,115.2,105.5,87.6
waldoTS Intermediate,183.3,174.3,172.25,168.35,163.45,160.59,156.39,154.25,149.05,145.95,140.3,135.59,130.5,122.55,112.8,92.4
waldoTS,172.8,161.59,155.75,148.89,143.25,139.09,133.75,129.59,123.6,118.8,110.95,104.39,98.45,90.25,81.6,68.4
VT Ground Novice S5,4709,4442,4293,4116,3950,3834,3716,3626,3502,3415,3287,3192,3118,2842,2474,1852
Ground Plaza Sparky v3 Easy,916.6,912.27,909.39,906.19,903.05,900.95,898.44,896.4,893.49,891.67,889.1,882.67,877.22,866.4,851.01,812.83
VT Ground Intermediate S5,4029,3760,3628,3525,3451,3411,3371,3311,3125,2980,2782,2624,2494,2211,1914,1387
Ground Plaza Sparky v3 OW,905.9,900.16,897.66,894.15,890.5,887.46,882.97,879.43,872.71,867.26,857.02,847.67,837.55,820.23,794.38,735.66
VT Aether Novice S5,4578,4208,3997,3758,3516,3374,3217,3114,2985,2892,2773,2692,2552,2220,1870,1318
Air CELESTIAL No UFO Easy Slowed,919.22,914.87,912.2,908.54,905.25,903.07,900.55,898.52,895.64,893.51,890.06,884.71,879.45,869.74,854.32,815.3
Air CELESTIAL No UFO Easy,915.02,910.53,908.87,905.72,902.78,899.72,895.48,892.86,889.02,884.7,877.59,870.8,864.95,853.5,836.48,792.49
Air CELESTIAL,899.4,894.09,889.3,883.41,877.4,873.54,868.62,863.61,854.07,846.57,834.63,823.09,810.91,788.38,754.2,666.33
VT Controlsphere Novice S5,5121,4772,4557,4285,4023,3845,3650,3522,3338,3221,3068,2963,2814,2398,1960,1297
VT Controlsphere Intermediate S5,4738,4369,4219,4072,3968,3914,3862,3823,3563,3364,3094,2862,2687,2311,1929,1222
Controlsphere,14091,13008,12441,11781,11127,10650,10071,9573,8790,8151,7107,6249,5508,4488,3501,2184
Controlsphere rAim,12420,11367,10902,10227,9714,9330,8823,8391,7680,7074,6153,5391,4698,3753,2823,1638
VT Raw Control Novice S5,5412,5081,4898,4652,4419,4270,4102,3991,3837,3733,3601,3506,3358,2957,2526,1802
Whisphere 80%,20830,19510,18740,17780,16890,16340,15710,15310,14800,14360,13110,12140,11180,9680,8000,5440
Whisphere,22490,20770,19810,18710,17700,17150,16100,15520,14340,13520,11960,10770,9540,7770,6020,3730
VT Raw Control Intermediate S5 Hard,4372,3869,3577,3256,2984,2853,2733,2652,2511,2398,2202,2032,1895,1686,1477,1085
VT Aether Novice S5 Bot 2,5189,4921,4739,4616,4520,4466,4303,4172,3903,3672,3281,3027,2849,2618,2379,1931
Air Voltaic Easy Invincible 4 80%,4375,4203,4084,3977,3898,3864,3829,3805,3618,3494,3323,3188,3043,2826,2561,2099
Air Voltaic Easy,903.78,897.13,892.52,887.48,882.3,878.69,874.21,871.07,866.43,862.15,853.92,845.62,837.17,822.22,799.92,742.45
Air Voltaic,894.38,888.23,883.33,875.63,869.75,864.28,858.26,852.47,842.95,835.11,821.68,808.27,793.71,767.06,727.89,635.64
Close Long Strafes Invincible,19332,18432,17964,17370,16812,16416,15894,15480,14778,14220,13266,12420,11592,10278,8676,6030
Smooth Thin Strafes Raspberry Easy,11757,11082,10695,10149,9663,9336,8937,8604,8109,7713,7068,6531,6018,5271,4482,3132
Air Angelic 4 Voltaic Easy,4813,4507,4340,4134,3950,3817,3656,3527,3351,3197,2937,2713,2515,2226,1905,1372
Close Fast Strafes Invincible - Thin,13410,11988,11088,10170,9486,9018,8514,8154,7614,7182,6534,5994,5526,4932,4356,3546
VT EddieTS Novice S5,1310.5,1188.5,1132.5,1080,1034,1010,983.5,969,940,926.5,907,890.5,850,780,700.5,580
voxTargetSwitch 2 Large,150,140,135,130.55,127.39,126,124.25,123.39,121,118,112.35,108,104,96.85,88,73.94
voxTargetSwitch,124,115,111,106.8,103,100.55,97.05,95,91,88,82.85,78,74,68,62,52
voxTS Viscose Varied,129.34,121,116.35,112,108,105,101.05,98.1,93.65,90,84,79.6,76,70.1,64,53
VT DotTS Novice S5,1500,1400,1350.5,1303,1260,1232,1206,1186,1160,1140,1118.5,1100,1080,1007.5,920,770
VT DotTS Intermediate S5,1417.5,1350,1326.5,1307.5,1293.5,1288.5,1280,1250,1218.5,1190,1146,1119.5,1089.5,1030,950,790
VT DotTS Advanced S5,1460,1386.5,1360,1311,1290,1280,1243,1220,1180,1140,1070,1010,959.5,880,800,678
patCircleSwitch NR,128.55,117,112.55,108.05,104.89,102.39,100,97.95,94.55,92,88,84,80.85,75,68.19,57
VT FlyTS Novice S5,780.4,711.4,681.8,650,629,613.2,600,590,577,568.4,552.6,543,536.2,500,462.4,390.6
VT FlyTS Intermediate S5,745,700,682,670.4,662.4,659,650.6,634.4,610,588.6,560,537.2,521.2,490,450,370
VT FlyTS Advanced S5,690.2,660,622.4,604.2,580.2,563,550.6,545.6,530,506.2,470,432,397.2,350.4,304,235
Bounce 180 Tracking,106,94,89,83,78,74,71,68,64,60,55,51,48,43,37,27
VT evaTS Novice,875.86,811.64,785.78,752.41,730.72,715.71,700.69,689.02,670.66,658.99,638.97,620.62,597.26,558.89,511.34,432.09
VT evaTS Intermediate,790.78,748.24,731.56,720.71,710.7,703.2,690.68,670.66,650.65,630.63,601.43,578.91,560.56,523.02,472.14,389.55
tamTargetSwitch Smooth Easy,43,41,41,38,37,36,35,34,32,31,29,27,25,21,17,9
tamTargetSwitch Smooth Hard,40,36,34,31,30,28,26,25,23,21,19,16,14,10,6,1
VT ControlTS Novice S5,640,592.6,570.4,548.6,529.8,518.8,504.8,496.6,483.6,476.2,463.6,456,450,415.4,380,315.4
VT ControlTS Intermediate S5,597.4,559,546.8,537.2,530,524.8,520,504.8,487.2,470,447.2,430,420,387,352.8,290
kinTS Voltaic Easy,91.89,87.08,83.78,80.07,77.27,75.97,73.97,72.87,70.07,67.96,64.06,61.06,58.05,53.75,48.14,40.04
kinTS Voltaic,93.09,87.38,84.18,80.68,78.07,75.37,73.07,71.77,68.06,65.96,61.86,57.95,54.15,49.04,44.04,36.03
VT Penta Bounce Novice S5,700.2,637.6,608.2,570,540,524.8,509.6,499,482,472.4,460,450,431,389,340,254.8
beanTS Larger,169.65,158.84,153.45,148.64,145.55,144,142.75,141.7,137,132,125.2,120.25,115,106.35,96.2,79
beanTS,162.14,155.64,150.5,145.59,142,138.05,134.5,131,126,120.89,113,105.5,99,89,79,65
B180T Voltaic,98,91.2,86.2,81,78,74.8,71.2,69.2,65,62,56,51,46.6,40.4,34,24.4
