Rank,Window,Clicking,Clicking energy,Tracking,Tracking energy,Switching,Switching energy
1,Novice,Blunderbuss,20000,Amoeba,20000,Banana Slug,15000
2,Novice,Slingshot,40000,Multicellular,40000,Sloth,30000
3,Novice,Dart,60000,Trilobite,60000,Galapagos Turtle,45000
4,Novice,Longbow,80000,Amphibian,80000,Manatee,60000
5,Intermediate,Crossbow,100000,Reptile,100000,Koala,75000
6,Intermediate,Musket,120000,Mammal,120000,Slow Loris,90000
7,Intermediate,Flintlock,140000,Primate,140000,Housecat,105000
8,Intermediate,Revolver,160000,Chimp,160000,Ferret,120000
9,Advanced,Carbine,180000,Hominid,180000,Greyhound,135000
10,Advanced,Rifle,200000,Homoerectus,200000,Roadrunner,150000
11,Advanced,Marksman,220000,Neanderthal,220000,Jackrabbit,165000
12,Advanced,Match Rifle,240000,Homosapien,240000,Hare,180000
13,Expert,Sniper,260000,Neolithic,260000,Pronghorn,195000
14,Expert,Railgun,280000,Robosapien,280000,Cheetah,210000
15,Expert,Gauss Cannon,300000,HAL 9000,300000,Golden Eagle,225000
16,Expert,Photon Lance,320000,Singularity,320000,Peregrine,240000
